<?xml version="1.0" encoding="UTF-8" standalone="no"?>
<!DOCTYPE call_flow SYSTEM "../../../../dtds/Callflow_1-1.dtd">
<call_flow first_element="Set_event_name" serial="0000" version="1.1">
<events/>
<element_def name="DialogflowCX">
<voice class="com.audium.server.voiceElement.dialogFlow.MDialogflowCx">
<static>DialogflowCX.xml</static>
</voice>
<exit_state name="done">
<next_element>Decision_01</next_element>
</exit_state>
</element_def>
<element_def name="Collect_Digit">
<voice class="com.audium.server.voiceElement.digit.MBasicDigit">
<static>Collect_Digit.xml</static>
</voice>
<exit_state name="max_noinput">
<next_element>End_Audio</next_element>
</exit_state>
<exit_state name="done">
<next_element>Subdialog Invoke_01</next_element>
</exit_state>
<exit_state name="max_nomatch">
<next_element>End_Audio</next_element>
</exit_state>
</element_def>
<element_def name="TTS Prompt Agent handoff">
<voice class="com.audium.server.voiceElement.audio.MAudio">
<static>TTS Prompt Agent handoff.xml</static>
</voice>
<exit_state name="done"/>
</element_def>
<element_def name="TTS Prompt end_session_audio">
<voice class="com.audium.server.voiceElement.audio.MAudio">
<static>TTS Prompt end_session_audio.xml</static>
</voice>
<exit_state name="done"/>
</element_def>
<element_def name="End_Audio">
<voice class="com.audium.server.voiceElement.audio.MAudio">
<static>End_Audio.xml</static>
</voice>
<exit_state name="done"/>
</element_def>
<element_def name="Decision_02">
<decision>
<class src="com.audium.server.rules.XMLDecision"/>
</decision>
<exit_state name="agent_transfer">
<next_element>Set Value_Agent_Metadata</next_element>
</exit_state>
<exit_state name="loop">
<next_element>Reentry_DialogflowCX</next_element>
</exit_state>
<exit_state name="end_session">
<next_element>TTS Prompt end_session_audio</next_element>
</exit_state>
</element_def>
<element_def name="Set Value_Agent_Metadata">
<action>
<class src="com.audium.server.action.setvalue.SetValueAction">
<static>Set Value_Agent_Metadata.xml</static>
</class>
</action>
<exit_state name="done">
<next_element>TTS Prompt Agent handoff</next_element>
</exit_state>
</element_def>
<element_def name="Reentry_DialogflowCX">
<voice class="com.audium.server.voiceElement.dialogFlow.MDialogflowCx">
<static>Reentry_DialogflowCX.xml</static>
</voice>
<exit_state name="done">
<next_element>Decision_02</next_element>
</exit_state>
</element_def>
<element_def name="Decision_01">
<decision>
<class src="com.audium.server.rules.XMLDecision"/>
</decision>
<exit_state name="custom_exit">
<next_element>Collect_Digit</next_element>
</exit_state>
<exit_state name="agent_transfer">
<next_element>Set Value_Agent_Metadata</next_element>
</exit_state>
<exit_state name="loop">
<next_element>DialogflowCX</next_element>
</exit_state>
<exit_state name="end_session">
<next_element>TTS Prompt end_session_audio</next_element>
</exit_state>
</element_def>
<element_def name="Set_event_name">
<action>
<class src="com.audium.server.action.setvalue.SetValueAction">
<static>Set_event_name.xml</static>
</class>
</action>
<exit_state name="done">
<next_element>DialogflowCX</next_element>
</exit_state>
</element_def>
<element_def name="Subdialog Invoke_01">
<voice class="com.audium.server.voiceElement.internal.SubdialogInvokeElement">
<static>Subdialog Invoke_01.xml</static>
</voice>
<exit_state name="done">
<next_element>Audio_01</next_element>
</exit_state>
</element_def>
<element_def name="Audio_01">
<voice class="com.audium.server.voiceElement.audio.MAudio">
<static>Audio_01.xml</static>
</voice>
<exit_state name="done">
<next_element>Reentry_DialogflowCX</next_element>
</exit_state>
</element_def>
</call_flow>
