<?xml version="1.0" encoding="UTF-8" standalone="no"?>
<!DOCTYPE call_flow SYSTEM "../../../../dtds/Callflow_1-1.dtd">
<call_flow first_element="Subdialog Invoke_01" serial="0000" version="1.1">
<events/>
<element_def name="Subdialog Invoke_01">
<voice class="com.audium.server.voiceElement.internal.SubdialogInvokeElement">
<static>Subdialog Invoke_01.xml</static>
</voice>
<exit_state name="done">
<next_element>Audio_02</next_element>
</exit_state>
</element_def>
<element_def name="Audio_02">
<voice class="com.audium.server.voiceElement.audio.MAudio">
<static>Audio_02.xml</static>
</voice>
<exit_state name="done">
<next_element>Decision_01</next_element>
</exit_state>
</element_def>
<element_def name="Decision_01">
<decision>
<class src="com.audium.server.rules.XMLDecision"/>
</decision>
<exit_state name="cluster1">
<next_element>Audio_01</next_element>
</exit_state>
<exit_state name="else">
<next_element>Audio_04</next_element>
</exit_state>
<exit_state name="cluster2">
<next_element>Audio_03</next_element>
</exit_state>
</element_def>
<element_def name="Audio_01">
<voice class="com.audium.server.voiceElement.audio.MAudio">
<static>Audio_01.xml</static>
</voice>
<exit_state name="done"/>
</element_def>
<element_def name="Audio_03">
<voice class="com.audium.server.voiceElement.audio.MAudio">
<static>Audio_03.xml</static>
</voice>
<exit_state name="done"/>
</element_def>
<element_def name="Audio_04">
<voice class="com.audium.server.voiceElement.audio.MAudio">
<static>Audio_04.xml</static>
</voice>
<exit_state name="done"/>
</element_def>
</call_flow>
