<?xml version="1.0" encoding="UTF-8" standalone="no"?>
<!DOCTYPE call_flow SYSTEM "../../../../dtds/Callflow_1-1.dtd">
<call_flow first_element="CVP Subdialog Start_01" serial="0000" version="1.1">
<events/>
<element_def name="Decision_01">
<decision>
<class src="com.audium.server.rules.XMLDecision"/>
</decision>
<exit_state name="custom_exit">
<next_element>Audio_02</next_element>
</exit_state>
<exit_state name="agent_transfer">
<next_element>Audio_05</next_element>
</exit_state>
<exit_state name="loop">
<next_element>VirtualAgentVoice_01</next_element>
</exit_state>
<exit_state name="end_session">
<next_element>TTS Prompt end_session_audio</next_element>
</exit_state>
</element_def>
<element_def name="TTS Prompt end_session_audio">
<voice class="com.audium.server.voiceElement.audio.MAudio">
<static>TTS Prompt end_session_audio.xml</static>
</voice>
<exit_state name="done">
<next_element>CVP Subdialog Return_01</next_element>
</exit_state>
</element_def>
<element_def name="Audio_01">
<voice class="com.audium.server.voiceElement.audio.MAudio">
<static>Audio_01.xml</static>
</voice>
<exit_state name="done">
<next_element>CVP Subdialog Return_01</next_element>
</exit_state>
</element_def>
<element_def name="Audio_02">
<voice class="com.audium.server.voiceElement.audio.MAudio">
<static>Audio_02.xml</static>
</voice>
<exit_state name="done">
<next_element>Digits_01</next_element>
</exit_state>
</element_def>
<element_def name="Decision_02">
<decision>
<class src="com.audium.server.rules.XMLDecision"/>
</decision>
<exit_state name="custom_exit">
<next_element>Audio_06</next_element>
</exit_state>
<exit_state name="agent_transfer">
<next_element>Audio_05</next_element>
</exit_state>
<exit_state name="end_session">
<next_element>TTS Prompt end_session_audio</next_element>
</exit_state>
<exit_state name="loop">
<next_element>VirtualAgentVoice_02</next_element>
</exit_state>
</element_def>
<element_def name="Audio_03">
<voice class="com.audium.server.voiceElement.audio.MAudio">
<static>Audio_03.xml</static>
</voice>
<exit_state name="done">
<next_element>VirtualAgentVoice_01</next_element>
</exit_state>
</element_def>
<element_def name="Set Value_01">
<action>
<class src="com.audium.server.action.setvalue.SetValueAction">
<static>Set Value_01.xml</static>
</class>
</action>
<exit_state name="done">
<next_element>Audio_03</next_element>
</exit_state>
</element_def>
<element_def name="Digits_01">
<voice class="com.audium.server.voiceElement.digit.MBasicDigit">
<static>Digits_01.xml</static>
</voice>
<exit_state name="max_noinput">
<next_element>Audio_04</next_element>
</exit_state>
<exit_state name="done">
<next_element>Set Value_02</next_element>
</exit_state>
<exit_state name="max_nomatch">
<next_element>Audio_04</next_element>
</exit_state>
</element_def>
<element_def name="Audio_04">
<voice class="com.audium.server.voiceElement.audio.MAudio">
<static>Audio_04.xml</static>
</voice>
<exit_state name="done">
<next_element>CVP Subdialog Return_01</next_element>
</exit_state>
</element_def>
<element_def name="VirtualAgentVoice_02">
<voice class="com.audium.server.voiceElement.nlu.MNluElement">
<static>VirtualAgentVoice_02.xml</static>
</voice>
<exit_state name="error">
<next_element>Audio_01</next_element>
</exit_state>
<exit_state name="done">
<next_element>Decision_02</next_element>
</exit_state>
</element_def>
<element_def name="VirtualAgentVoice_01">
<voice class="com.audium.server.voiceElement.nlu.MNluElement">
<static>VirtualAgentVoice_01.xml</static>
</voice>
<exit_state name="error">
<next_element>Audio_01</next_element>
</exit_state>
<exit_state name="done">
<next_element>Decision_01</next_element>
</exit_state>
</element_def>
<element_def name="CVP Subdialog Start_01">
<voice class="com.audium.server.voiceElement.internal.CiscoSubdialogStartElement">
<static>CVP Subdialog Start_01.xml</static>
</voice>
<exit_state name="done">
<next_element>Set Value_01</next_element>
</exit_state>
</element_def>
<element_def name="CVP Subdialog Return_01">
<voice class="com.audium.server.voiceElement.internal.CiscoSubdialogReturnElement">
<static>CVP Subdialog Return_01.xml</static>
</voice>
<exit_state name="done"/>
</element_def>
<element_def name="Audio_05">
<voice class="com.audium.server.voiceElement.audio.MAudio">
<static>Audio_05.xml</static>
</voice>
<exit_state name="done">
<next_element>CVP Subdialog Return_01</next_element>
</exit_state>
</element_def>
<element_def name="Audio_06">
<voice class="com.audium.server.voiceElement.audio.MAudio">
<static>Audio_06.xml</static>
</voice>
<exit_state name="done">
<next_element>CVP Subdialog Return_01</next_element>
</exit_state>
</element_def>
<element_def name="Set Value_02">
<action>
<class src="com.audium.server.action.setvalue.SetValueAction">
<static>Set Value_02.xml</static>
</class>
</action>
<exit_state name="done">
<next_element>VirtualAgentVoice_02</next_element>
</exit_state>
</element_def>
</call_flow>
