{
  "server": {
    "infrastructure": {
      "syslog": {
        "primary": {
          "active": {
            "port": "514",
            "host": "10.78.26.40"
          },
          "backup": {
            "port": "514",
            "host": "10.78.26.40"
          }
        },
        "secondary": {
          "active": {
            "port": "514",
            "host": "10.78.26.40"
          },
          "backup": {
            "port": "514",
            "host": "10.78.26.40"
          }
        }
      }
    },
    "hostname": "CVPOAMPARES",
    "ipaddress": "10.78.26.35",
    "refURL": "https://10.78.26.35:8111/cvp-config/server",
    "type": "CALL"
  }
}