<?xml version="1.0" encoding="ISO-8859-1" ?>

<!DOCTYPE scenario SYSTEM "sipp.dtd">

    <!--App-Info: <10.78.26.156:8000:8443>;ringtone=CheeniKum2-ulaw-170s.wav-->

<scenario name="Basic Sipstone UAC">

  <send retrans="500">
   <![CDATA[

    INVITE sip:[field3]@[remote_ip]:[remote_port] SIP/2.0
    Via: SIP/2.0/[transport] [local_ip]:[local_port];branch=[branch]
    From: [field0] <sip:[field1]@[local_ip]:[local_port]>;tag=[call_number]
    To: [field2] <sip:[field3]@[remote_ip]:[remote_port]>
    Call-ID: [call_id]
    Supported: timer,resource-priority,replaces,sdp-anat
    Min-SE:  7200
    User-Agent: CVP
    CSeq: 1 INVITE
    Contact: <sip:[field1]@[local_ip]:[local_port]>
    Expires: 180
    Allow-Events: telephone-event
    Max-Forwards: 70
    P-Asserted-Identity:[field0] <sip:[field1]@[local_ip]>
    Session-Expires: 7200
    Cisco-Live: CVP Tips and Tricks;location=London;session=BRKCCT-303
    Content-Type: application/sdp
    Transfer-DN: 123-456-78
    Content-Disposition: session;handling=required
    Content-Length: [len]
    Location: en-US
    NumberSSN: 348-7923-234
    Cluster-ID: EU

    v=0
    o=SIPP-UserAgent 6268 2973 IN IP4 [local_ip]    
    s= SIP CALL
    c=IN IP4 [local_ip]
    t=0 0
    m=audio [media_port] RTP/AVP 0 101
    a=rtpmap:0 PCMU/8000
    a=rtpmap:101 telephone-event/8000
    a=fmtp:101 0-16
    a=ptime:20

  ]]>
 </send>

  <recv response="100" optional="true">
  </recv>

  <recv response="180" optional="true">
  </recv>

  <!-- By adding rrs="true" (Record Route Sets), the route sets         -->
  <!-- are saved and used for following messages sent. Useful to test   -->
  <!-- against stateful SIP proxies/B2BUAs.                             -->
  <recv response="200" rtd="true">
  </recv>

  <!-- Packet lost can be simulated in any send/recv message by         -->
  <!-- by adding the 'lost = "10"'. Value can be [1-100] percent.       -->


  <send>
   <![CDATA[

    ACK sip:[field3]@[remote_ip]:[remote_port] SIP/2.0
    Via: SIP/2.0/[transport] [local_ip]:[local_port];branch=[branch]
    From: [field0] <sip:[field1]@[local_ip]:[local_port]>;tag=[call_number]
    To: [field2] <sip:[field3]@[remote_ip]:[remote_port]>[peer_tag_param]
    Call-ID: [call_id]
    Max-Forwards: 70
    CSeq: 1 ACK
    Contact: <sip:[field1]@[local_ip]:[local_port]>
    Content-Length: 0

   ]]>
  </send>


  <pause milliseconds="15000"/>

  <recv request="BYE">
  </recv>

  <send>
    <![CDATA[

      SIP/2.0 200 OK
      [last_Via:]
      [last_From:]
      [last_To:]
      [last_Call-ID:]
      [last_CSeq:]
      Contact: <sip:[field1]@[local_ip]:[local_port]>
      Content-Length: 0

    ]]>
  </send>

</scenario>
