<?xml version="1.0" ?>
   <grammar xml:lang="en-US" version="1.0" root="ROOT">
   	<rule id="ROOT" scope="public">	   	   
   	    <one-of>   	    
   	    		<item tag="city='sanfrancisco';state='california';">San Francisco</item>
   	    		<item tag="city='sanfrancisco';state='california';">San Francisco, California</item>
   	    		<item tag="city='losangeles';state='california';">Los Angeles</item>
   	    		<item tag="city='losangeles';state='california';">Los Angeles, California</item>			
			<item tag="city='boston';state='massachusetts';">Boston</item>
   	    		<item tag="city='boston';state='massachusetts';">Boston, Massachusetts</item>   	 				
	   </one-of>
	   <count number="optional">
	   	<item>please</item>
	   </count>
	</rule>	
   </grammar>