<?xml version="1.0" ?>
   <grammar xml:lang="en-US" version="1.0" root="ROOT">
   	<rule id="ROOT" scope="public">	
   	    <count number="optional">
   	    	<one-of>   	    
   	    		<item>uh</item>
   	    		<item>mm</item>									
	    	</one-of>
	    </count>
   	    <one-of>   	       	   
   	    		<item tag="city='sanfrancisco';state='california';">San Francisco</item>
   	    		<item tag="city='sanfrancisco';state='california';">San Francisco, California</item>
   	    		<item tag="city='losangeles';state='california';">Los Angeles</item>
   	    		<item tag="city='losangeles';state='california';">Los Angeles, California</item>
			<item tag="state='california';">California</item>			
			<item tag="city='boston';state='massachusetts';">Boston</item>
   	    		<item tag="city='boston';state='massachusetts';">Boston, Massachusetts</item>
			<item tag="state='massachusetts';">Massachusetts</item>							
	   </one-of>
	   <count number="optional">
	   	<item>please</item>
	   </count>
	</rule>	
   </grammar>
   
