<?xml version="1.0" encoding="UTF-8" standalone="no"?>
<!DOCTYPE configuration SYSTEM "../../../../dtds/VoiceElementConfiguration.dtd">
<configuration class="com.cisco.cvp.callstudio.Action.MFoundation3OptionMenuCustom" serial="0000">
<setting name="noinput_timeout">5s</setting>
<setting name="max_noinput_count">3</setting>
<setting name="max_nomatch_count">3</setting>
<setting name="confidence_level">0.40</setting>
<setting name="modal">false</setting>
<setting name="option1_dtmf">1</setting>
<setting name="option1_value">1</setting>
<setting name="option2_dtmf">2</setting>
<setting name="option2_value">2</setting>
<setting name="option3_dtmf">3</setting>
<setting name="option3_value">3</setting>
<audio_group bargein="true" count="1" name="initial_audio_group">
<audio name="audio item 1" src="chooseone_audio.wav" use_default_path="true">Press 1 For Banking, Press 2 for Balance, Press 3  for other services</audio>
</audio_group>
</configuration>
