<?xml version="1.0" encoding="UTF-8" standalone="no"?>
<!DOCTYPE configuration SYSTEM "../../../../dtds/VoiceElementConfiguration.dtd">
<configuration class="com.cisco.cvp.callstudio.Action.MFoundationFormCustom" serial="0000">
<setting name="inputmode">both</setting>
<setting name="noinput_timeout">5s</setting>
<setting name="max_noinput_count">3</setting>
<setting name="max_nomatch_count">3</setting>
<setting name="confidence_level">0.40</setting>
<setting name="dtmf_keypress">1</setting>
<setting name="modal">false</setting>
<setting name="field_name">foundation_fld</setting>
<setting name="maxnbest">1</setting>
<setting name="secure_logging">false</setting>
<setting name="recordutterance">false</setting>
<setting name="dtmf_overlay">false</setting>
<audio_group bargein="true" count="1" name="initial_audio_group">
<audio name="audio item 1" src="confirmation_audio.wav" use_default_path="true">Press 1 for  Confirmation</audio>
</audio_group>
</configuration>
