<?xml version="1.0" encoding="UTF-8" standalone="no"?>
<!DOCTYPE configuration SYSTEM "../../../../dtds/VoiceElementConfiguration.dtd">
<configuration class="com.cisco.cvp.callstudio.Action.MAudioCustom" serial="0000">
<audio_group bargein="true" count="1" name="initial_audio_group">
<audio name="audio item 1" src="error.wav" use_default_path="true">there was error</audio>
</audio_group>
<local_event>
<name>ClassNotFoundException</name>
<type>Java Exception</type>
<eventlist>*.*</eventlist>
</local_event>
</configuration>
