<?xml version="1.0" encoding="UTF-8" standalone="no"?>
<!DOCTYPE call_flow SYSTEM "../../../../dtds/Callflow_1-1.dtd">
<call_flow first_element="Welcome" serial="0000" version="1.1">
<events/>
<element_def name="Welcome">
<voice class="com.audium.server.voiceElement.audio.MAudio">
<static>Welcome.xml</static>
</voice>
<exit_state name="done">
<next_element>Input</next_element>
</exit_state>
</element_def>
<element_def name="Input">
<voice class="com.audium.server.voiceElement.digit.MBasicDigit">
<static>Input.xml</static>
</voice>
<exit_state name="max_noinput">
<next_element>Max NoInput</next_element>
</exit_state>
<exit_state name="done">
<next_element>Choose One</next_element>
</exit_state>
<exit_state name="max_nomatch">
<next_element>Max No Match</next_element>
</exit_state>
</element_def>
<element_def name="Max NoInput">
<voice class="com.audium.server.customelement.cisco.HttpRpcVoiceElementProto">
<remote url="remote://system/?classurl=com.cisco.cvp.callstudio.Action.MAudioCustom"/>
<static>Max NoInput.xml</static>
</voice>
<exit_state name="done"/>
</element_def>
<element_def name="Max No Match">
<voice class="com.audium.server.customelement.cisco.HttpRpcVoiceElementProto">
<remote url="remote://system/?classurl=com.cisco.cvp.callstudio.Action.MAudioCustom"/>
<static>Max No Match.xml</static>
</voice>
<exit_state name="done"/>
</element_def>
<element_def name="Confirmation">
<voice class="com.audium.server.customelement.cisco.HttpRpcVoiceElementProto">
<remote url="remote://system/?classurl=com.cisco.cvp.callstudio.Action.MFoundationFormCustom"/>
<static>Confirmation.xml</static>
</voice>
<exit_state name="max_noinput">
<next_element>Max NoInput</next_element>
</exit_state>
<exit_state name="done">
<next_element>Balance</next_element>
</exit_state>
<exit_state name="max_nomatch">
<next_element>Max No Match</next_element>
</exit_state>
</element_def>
<element_def name="Action_01">
<action>
<uri src="remote://system/?classurl=com.cisco.cvp.callstudio.Action.CustomActionDynamic"/>
</action>
<exit_state name="done">
<next_element>Validation</next_element>
</exit_state>
</element_def>
<element_def name="Validation">
<decision>
<uri src="remote://system/?classurl=com.cisco.cvp.callstudio.Action.CustomDecision"/>
</decision>
<exit_state name="validated">
<next_element>Set Value_01</next_element>
</exit_state>
<exit_state name="Failed">
<next_element>Input</next_element>
</exit_state>
</element_def>
<element_def name="Verification">
<voice class="com.audium.server.voiceElement.audio.MAudio">
<static>Verification.xml</static>
</voice>
<exit_state name="done"/>
</element_def>
<element_def name="Choose One">
<voice class="com.audium.server.customelement.cisco.HttpRpcVoiceElementProto">
<remote url="remote://system/?classurl=com.cisco.cvp.callstudio.Action.MFoundation3OptionMenuCustom"/>
<static>Choose One.xml</static>
</voice>
<exit_state name="option3">
<next_element>Exception_Audio</next_element>
</exit_state>
<exit_state name="option1">
<next_element>Action_01</next_element>
</exit_state>
<exit_state name="option2">
<next_element>Confirmation</next_element>
</exit_state>
<exit_state name="max_noinput">
<next_element>Max NoInput</next_element>
</exit_state>
<exit_state name="max_nomatch">
<next_element>Max No Match</next_element>
</exit_state>
</element_def>
<element_def name="Error Audio">
<voice class="com.audium.server.voiceElement.audio.MAudio">
<static>Error Audio.xml</static>
</voice>
<exit_state name="done"/>
</element_def>
<element_def name="Exception_Audio">
<voice class="com.audium.server.customelement.cisco.HttpRpcVoiceElementProto">
<remote url="remote://system/?classurl=com.cisco.cvp.callstudio.Action.MAudioCustomWrong"/>
<static>Exception_Audio.xml</static>
</voice>
<exit_state name="done">
<next_element>Error Audio</next_element>
</exit_state>
<exit_state eventlist="*.*" name="ClassNotFoundException" type="Java Exception">
<next_element>Error Audio</next_element>
</exit_state>
</element_def>
<element_def name="Set Value_01">
<action>
<remote url="remote://system/?classurl=com.audium.server.action.setvalue.SetValueAction"/>
<class src="com.audium.server.customelement.cisco.HttpRPCActionElementProtoCustom">
<static>Set Value_01.xml</static>
</class>
</action>
<exit_state name="done">
<next_element>Verification</next_element>
</exit_state>
</element_def>
<element_def name="Balance">
<voice class="com.audium.server.customelement.cisco.HttpRpcVoiceElementProto">
<remote url="remote://system/?classurl=com.cisco.cvp.callstudio.Action.MAudioCustom"/>
<static>Balance.xml</static>
</voice>
<exit_state name="done"/>
</element_def>
</call_flow>
