<?xml version="1.0" encoding="UTF-8" standalone="no"?>
<!DOCTYPE call_flow SYSTEM "../../../../dtds/Callflow_1-1.dtd">
<call_flow first_element="CVP Subdialog Start" serial="0000" version="1.1">
<events/>
<element_def name="WxM_PCS">
<voice class="com.audium.server.voiceElement.wxm.MwXm">
<static>WxM_PCS.xml</static>
</voice>
<exit_state name="max_noinput">
<next_element>CVP Subdialog Return</next_element>
</exit_state>
<exit_state name="done">
<next_element>CVP Subdialog Return</next_element>
</exit_state>
<exit_state name="max_nomatch">
<next_element>CVP Subdialog Return</next_element>
</exit_state>
</element_def>
<element_def name="CVP Subdialog Start">
<voice class="com.audium.server.voiceElement.internal.CiscoSubdialogStartElement">
<static>CVP Subdialog Start.xml</static>
</voice>
<exit_state name="done">
<next_element>WxM_PCS</next_element>
</exit_state>
</element_def>
<element_def name="CVP Subdialog Return">
<voice class="com.audium.server.voiceElement.internal.CiscoSubdialogReturnElement">
<static>CVP Subdialog Return.xml</static>
</voice>
<exit_state name="done"/>
</element_def>
</call_flow>
