<?xml version="1.0" encoding="UTF-8" standalone="no"?>
<!DOCTYPE configuration SYSTEM "../../../../dtds/VoiceElementConfiguration.dtd">
<configuration class="com.audium.server.voiceElement.digit.MBasicDigit" serial="0000">
<setting name="inputmode">both</setting>
<setting name="noinput_timeout">5s</setting>
<setting name="max_noinput_count">3</setting>
<setting name="max_nomatch_count">3</setting>
<setting name="digits_confidence_level">0.40</setting>
<setting name="min_digit">1</setting>
<setting name="max_digit">10</setting>
<setting name="modal">false</setting>
<setting name="secure_logging">false</setting>
<setting name="maxnbest">1</setting>
<setting name="dtmf_overlay">false</setting>
<audio_group bargein="true" count="1" name="initial_audio_group">
<audio name="audio item 1">Control back to Premise. Please provide the coverage amount</audio>
</audio_group>
</configuration>
