<?xml version="1.0" encoding="UTF-8" standalone="no"?>
<!DOCTYPE configuration SYSTEM "../../../../dtds/VoiceElementConfiguration.dtd">
<configuration class="com.audium.server.voiceElement.dialogFlow.MDialogflowCx" serial="0000">
<setting name="config_id">0af3a555-b47d-45c4-bb45-e17be6a726fc</setting>
<setting name="secure_logging">false</setting>
<substitute index="0">
<local_variable name="event_name"/>
</substitute>
<vxml_property name="Dialogflow.session.params.ani">39 06 948 045 37</vxml_property>
<vxml_property name="Dialogflow.session.params.name">Marco</vxml_property>
<vxml_property name="com.cisco.language">en-US</vxml_property>
<new_data>
<set_element create="before_enter" log="false" name="event_name" type="string">{0}</set_element>
</new_data>
</configuration>
