<?xml version="1.0" encoding="UTF-8" standalone="no"?>
<!DOCTYPE configuration SYSTEM "../../../../dtds/VoiceElementConfiguration.dtd">
<configuration class="com.audium.server.voiceElement.audio.MAudio" serial="0000">
<substitute index="0">
<data>
<element name="Subdialog Invoke_01" variable="caller_input"/>
</data>
</substitute>
<audio_group bargein="true" count="1" name="initial_audio_group">
<audio name="audio item 1">PIN Value returned by sub dialog application is {0}</audio>
</audio_group>
</configuration>
