<?xml version="1.0" encoding="UTF-8" standalone="no"?>
<!DOCTYPE configuration SYSTEM "../../../../dtds/VoiceElementConfiguration.dtd">
<configuration class="com.audium.server.voiceElement.dialogFlow.MDialogflowCx" serial="0000">
<setting name="config_id">0f4cdd4b-3842-45cb-a23f-638f0b426c4c</setting>
<setting name="secure_logging">false</setting>
<substitute index="0">
<call_data type="ani"/>
</substitute>
<substitute index="1">
<local_variable name="event_name"/>
</substitute>
<vxml_property name="Dialogflow.session.params.ani">{0}</vxml_property>
<vxml_property name="Dialogflow.session.params.name">Marco</vxml_property>
<vxml_property name="com.cisco.language">en-US</vxml_property>
<vxml_property name="Recognize.modelVariant">USE_STANDARD</vxml_property>
<new_data>
<set_element create="before_enter" log="false" name="event_name" type="string">{1}</set_element>
</new_data>
<local_event>
<name>noresource</name>
<type>VXML Event</type>
<eventlist>error.noresource</eventlist>
</local_event>
</configuration>
