<?xml version="1.0" encoding="UTF-8" standalone="no"?>
<!DOCTYPE configuration SYSTEM "../../../../dtds/VoiceElementConfiguration.dtd">
<configuration class="com.audium.server.voiceElement.internal.SubdialogInvokeElement" serial="0000">
<setting name="destination"><![CDATA[Server?callid={0}&application=subdiagApp]]></setting>
<setting name="type">true</setting>
<setting name="returns">result</setting>
<substitute index="0">
<data>
<session name="callid"/>
</data>
</substitute>
</configuration>
