<?xml version="1.0" encoding="UTF-8" standalone="no"?>
<!DOCTYPE call_flow SYSTEM "../../../../dtds/Callflow_1-1.dtd">
<call_flow first_element="CVP Subdialog Start_01" serial="0000" version="1.1">
<events/>
<element_def name="CVP Subdialog Start_01">
<voice class="com.audium.server.voiceElement.internal.CiscoSubdialogStartElement">
<static>CVP Subdialog Start_01.xml</static>
</voice>
<exit_state name="done">
<next_element>Audio_01</next_element>
</exit_state>
</element_def>
<element_def name="CVP Subdialog Return_01">
<voice class="com.audium.server.voiceElement.internal.CiscoSubdialogReturnElement">
<static>CVP Subdialog Return_01.xml</static>
</voice>
<exit_state name="done"/>
</element_def>
<element_def name="Audio_01">
<voice class="com.audium.server.voiceElement.audio.MAudio">
<static>Audio_01.xml</static>
</voice>
<exit_state name="done">
<next_element>CollectPIN</next_element>
</exit_state>
</element_def>
<element_def name="CollectPIN">
<voice class="com.audium.server.voiceElement.digit.MBasicDigit">
<static>CollectPIN.xml</static>
</voice>
<exit_state name="max_noinput">
<next_element>Audio_03</next_element>
</exit_state>
<exit_state name="done">
<next_element>CVP Subdialog Return_01</next_element>
</exit_state>
<exit_state name="max_nomatch">
<next_element>Audio_02</next_element>
</exit_state>
</element_def>
<element_def name="Audio_02">
<voice class="com.audium.server.voiceElement.audio.MAudio">
<static>Audio_02.xml</static>
</voice>
<exit_state name="done">
<next_element>CVP Subdialog Return_01</next_element>
</exit_state>
</element_def>
<element_def name="Audio_03">
<voice class="com.audium.server.voiceElement.audio.MAudio">
<static>Audio_03.xml</static>
</voice>
<exit_state name="done">
<next_element>CVP Subdialog Return_01</next_element>
</exit_state>
</element_def>
</call_flow>
