<?xml version="1.0" encoding="UTF-8" ?>

<result>
	<status>success</status>

	<new_data>
		<element name="0651644601" log="false" type="string">Paul Red</element>
		<element name="0651644603" log="false" type="string">Marco Stefani</element>
		<element name="0651644605" log="false" type="string">Francois Lamule</element>
		<element name="0651644607" log="false" type="string">George Bill</element>
		<element name="0651644609" log="false" type="string">Oliver Monet</element>
		<element name="0651644611" log="false" type="string">Tom Scott</element>
		<element name="0651644613" log="false" type="string">Fernando Lipari</element>
		<element name="0651644615" log="false" type="string">Alan Skyline</element>
		<element name="0651644617" log="false" type="string">Tommy Lee</element>
		<element name="0651644619" log="false" type="string">Scott Peterson</element>
		<element name="0651644621" log="false" type="string">Robert Bridge</element>
		<element name="0651644623" log="false" type="string">Santiago Monelo</element>
		<element name="0651644625" log="false" type="string">Piet Scott</element>
		<element name="0651644627" log="false" type="string">Margot Rule</element>
		<element name="0651644629" log="false" type="string">Ana Romeiro</element>
		<element name="0651644631" log="false" type="string">Tod Canie</element>
		<element name="0651644633" log="false" type="string">Lucas Fenerid</element>
		<element name="0651644635" log="false" type="string">Giulio Mendel</element>
		<element name="0651644637" log="false" type="string">Carmen Consoli</element>
		<element name="0651644639" log="false" type="string">Claudio Villa</element>
		<element name="0651644641" log="false" type="string">Antonio Bandiera</element>
		<element name="0651644643" log="false" type="string">Lumiere Vegas</element>
		<element name="0651644645" log="false" type="string">Ross Patie</element>
		<element name="0651644647" log="false" type="string">Marcus Angley</element>
		<element name="0651644649" log="false" type="string">Jose Vangel</element>
		<element name="0651644651" log="false" type="string">Damian Poland</element>
		<element name="0651644653" log="false" type="string">Ettore Scola</element>
		<element name="0651644655" log="false" type="string">Alain Delon</element>
		<element name="0651644657" log="false" type="string">Paul Red</element>
		<element name="0651644659" log="false" type="string">Marco Stefani</element>
		<element name="0651644661" log="false" type="string">Francois Lamule</element>
		<element name="0651644663" log="false" type="string">George Bill</element>
		<element name="0651644665" log="false" type="string">Oliver Monet</element>
		<element name="0651644667" log="false" type="string">Tom Scott</element>
		<element name="0651644669" log="false" type="string">Fernando Lipari</element>
		<element name="0651644671" log="false" type="string">Alan Skyline</element>
		<element name="0651644673" log="false" type="string">Tommy Lee</element>
		<element name="0651644675" log="false" type="string">Scott Peterson</element>
		<element name="0651644677" log="false" type="string">Robert Bridge</element>
		<element name="0651644679" log="false" type="string">Santiago Monelo</element>
		<element name="0651644681" log="false" type="string">Piet Scott</element>
		<element name="0651644683" log="false" type="string">Margot Rule</element>
		<element name="0651644685" log="false" type="string">Ana Romeiro</element>
		<element name="0651644687" log="false" type="string">Tod Canie</element>
		<element name="0651644689" log="false" type="string">Lucas Fenerid</element>
		<element name="0651644691" log="false" type="string">Giulio Mendel</element>
		<element name="0651644693" log="false" type="string">Carmen Consoli</element>
		<element name="0651644695" log="false" type="string">Claudio Villa</element>
		<element name="0651644697" log="false" type="string">Antonio Bandiera</element>
		<element name="0651644699" log="false" type="string">Lumiere Vegas</element>
	</new_data>
</result>