<?xml version="1.0" encoding="UTF-8" standalone="no"?>
<!DOCTYPE configuration SYSTEM "../../../../dtds/VoiceElementConfiguration.dtd">
<configuration class="com.audium.server.voiceElement.audio.MAudio" serial="0000">
<audio_group bargein="true" count="1" name="initial_audio_group">
<say_it_smart class="com.audium.server.customelement.cisco.HttpRpcSayItSmartProto" format="dollars_cents" name="audio item 1" remote_uri="remote://system/?classurl=com.audium.sayitsmart.plugins.AudiumSayItSmartCurrency">
<value format="standard">
<static>2500.50</static>
</value>
<recorded_audio audio_fileset="standard" audio_type="wav" path="http://10.78.26.93/en-us/sys" use_default_path="false"/>
</say_it_smart>
</audio_group>
</configuration>
