<?xml version="1.0" encoding="UTF-8" standalone="no"?>
<!DOCTYPE configuration SYSTEM "../../../../dtds/VoiceElementConfiguration.dtd">
<configuration class="com.audium.server.voiceElement.digit.MBasicDigit" serial="0000">
<setting name="inputmode">both</setting>
<setting name="noinput_timeout">5s</setting>
<setting name="max_noinput_count">3</setting>
<setting name="max_nomatch_count">3</setting>
<setting name="digits_confidence_level">0.40</setting>
<setting name="min_digit">3</setting>
<setting name="max_digit">3</setting>
<setting name="modal">false</setting>
<setting name="secure_logging">false</setting>
<setting name="maxnbest">1</setting>
<setting name="dtmf_overlay">false</setting>
<substitute index="0">
<data>
<element name="Input" variable="value"/>
</data>
</substitute>
<audio_group bargein="true" count="1" name="initial_audio_group">
<audio name="audio item 1">Please enter 3 digit pin 1 2 3  to validate the identity</audio>
</audio_group>
<audio_group bargein="true" count="1" name="nomatch_audio_group">
<audio name="audio item 1">Please enter 3 digit pin 1 2 3  to validate the identity as the previous one was no Match</audio>
</audio_group>
<audio_group bargein="true" count="1" name="noinput_audio_group">
<audio name="audio item 1">Please enter  3 digit pin 1 2 3  to validate the identity, we are waiting ...</audio>
</audio_group>
<new_data>
<set_session create="after_exit" name="pin">{0}</set_session>
</new_data>
</configuration>
