<?xml version="1.0" encoding="UTF-8" standalone="no"?>
<!DOCTYPE configuration SYSTEM "../../../../dtds/VoiceElementConfiguration.dtd">
<configuration class="com.audium.server.voiceElement.audio.MAudio" serial="0000">
<substitute index="0">
<data>
<element name="Action_01" variable="EmpName"/>
</data>
</substitute>
<audio_group bargein="true" count="1" name="initial_audio_group">
<audio name="audio item 1">Customer Name  {0}  is found and verified successfully.
Thank you for calling PNC Financial Services.</audio>
</audio_group>
</configuration>
